map,record,member,date,utbt_record,utbt_member,utbt_date
CTF-BT+(alc)Genetics-v1,04:12.607,Nightwolf`,2012-07-31,05:28.342,Xclusive,2023-09-18 18:46:51.880264
CTF-BT+(bar)WoW-dbl,02:53.336,~DarK~JoJo~,2025-06-04,03:31.566,PatriK.pX3,2026-03-03 23:11:14.929617
CTF-BT+(BI)Construct-v3,01:56.657,}ElitE{Mike`,2013-04-24,02:03.850,Bunneh,2025-11-06 00:05:38.565910
CTF-BT+(BI)WoRmy-v2,07:32.031,Franky`,2016-12-08,07:46.193,PatriK.pX3,2026-05-30 21:14:56.275112
CTF-BT+(BI)ZiFiF,05:53.067,Franky`,2014-02-14,06:01.725,Bunneh,2025-11-04 23:46:21.960227
CTF-BT+(CN)BeamMeUpScotty-v3,02:51.038,}ElitE{Bon,2009-04-24,03:01.946,Melty13,2026-01-20 16:27:39.989093
CTF-BT+(CN)BouletLand-v2,01:38.549,BlueBalls,2021-12-31,01:40.444,Melty13,2026-01-19 17:42:12.228207
CTF-BT+(CN)Bunnycula-SE,04:31.245,}ElitE{Bon,2010-05-04,06:13.420,Bunneh,2023-09-22 21:15:14.385129
CTF-BT+(CN)CouilleCastle-EZ,03:58.735,}ElitE{Bon,2008-09-28,04:43.160,Dylanbroo,2024-05-01 17:07:28.918732
CTF-BT+(CN)CouilleCastle-SE,05:05.944,}ElitE{Bon,2009-01-10,06:38.080,PatriK.pX3,2026-05-18 22:08:25.682736
CTF-BT+(CN)EnemyMine-v2,01:47.673,}ElitE{Bon,2017-12-26,01:49.725,Nightwolf`,2026-01-10 12:12:44.041180
CTF-BT+(CN)Happy2008,03:22.774,Nightwolf`,2012-10-03,03:25.838,Nightwolf`,2025-08-25 18:46:50.764553
CTF-BT+(CN)KeyQuest,03:01.695,}ElitE{Bon,2017-06-12,03:12.291,Melty13,2026-01-20 17:03:54.254888
CTF-BT+(CN)LittleBigAdventure-EZ,02:41.975,fierd_6,2017-08-27,02:43.122,Melty13,2024-01-06 23:57:24.835726
CTF-BT+(CN)Memories-v2,04:11.039,}ElitE{Bon,2013-05-29,04:14.277,Melty13,2026-03-30 14:36:11.361703
CTF-BT+(CN)Paintings-v2,01:11.869,p-a-w-e-l,2021-09-11,01:13.126,Bunneh,2025-05-11 18:27:15.607277
CTF-BT+(CN)PrettyUseless,03:09.693,}ElitE{Bon,2011-07-11,03:22.240,PatriK.pX3,2026-04-17 01:12:04.455431
CTF-BT+(CN)ReachTheStars-v3,03:44.919,OwYeaW,2016-06-30,03:45.838,OwYeaW,2023-12-25 02:58:02.107984
CTF-BT+(CN)SmartBunny,05:28.982,<Krad.pX4,2020-05-31,07:03.262,Melty13,2026-04-10 17:50:43.764573
CTF-BT+(CN)SmartBunny-EZ-SE,05:12.569,<Krad.pX4,2020-06-03,08:13.188,Riddick,2025-09-19 22:21:34.911292
CTF-BT+(CN)Stakhanovism-v3,04:06.753,p-a-w-e-l,2021-09-22,04:44.296,Arturek ;),2025-09-22 16:09:08.500834
CTF-BT+(CN)TitanCrest-v3,03:10.821,OwYeaW,2017-01-22,03:49.650,Arturek ;),2024-12-01 22:06:33.340639
CTF-BT+(CN)Troglodytic,01:49.249,fierd_1,2014-11-01,01:53.783,Arturek ;),2026-06-17 19:37:27.592533
CTF-BT+(CN)Vesuvio-v2,01:06.369,BlueBalls,2021-12-31,01:17.683,Melty13,2024-01-23 20:02:16.080772
CTF-BT+(Cyb)CyberJungle,01:57.142,Dylanbro,2012-04-03,02:02.717,Bunneh,2025-05-03 16:06:49.126941
CTF-BT+(Cyb)CyberNerd-vF,02:57.260,Nightwolf`,2014-02-04,03:13.510,Arturek ;),2026-01-14 16:51:22.246850
CTF-BT+(dem)Skillz,01:58.886,}ElitE{Bon,2010-10-08,02:07.279,Arturek ;),2026-06-04 15:30:08.187406
CTF-BT+(i4G)Sphinx-fix3,02:24.995,}ElitE{HellFire`,2021-10-04,02:37.540,Bunneh,2025-05-18 22:26:11.340168
CTF-BT+(Kh)MiniPouce-v2,03:55.726,Nightwolf`,2022-03-06,04:36.059,Arturek ;),2024-06-11 14:50:02.532028
CTF-BT+(NB)HauntedHill,03:26.365,}ElitE{Bon,2022-11-04,03:32.852,huskywusky,2025-10-07 00:12:28.011064
CTF-BT+(NB)NoviceCrypt-vEZ,01:34.941,}ElitE{Bon,2016-11-06,02:03.965,Xclusive,2024-09-01 13:25:43.066673
CTF-BT+(NB)NoviceStyle,01:40.159,}ElitE{Mike`,2022-08-11,01:44.224,ASG.Naru^,2025-08-28 18:33:50.820920
CTF-BT+(ow)Bounceng-v3,27.207,*WeeDy*,2022-12-09,27.393,Nightwolf`,2024-02-17 20:12:50.793376
CTF-BT+(ow)DuNNo!-v2,03:06.411,fierd_1,2014-01-08,03:08.182,Bunneh,2023-09-02 20:30:13.424445
CTF-BT+(Roel)Skaarjified,02:07.616,Nightwolf`,2014-03-10,02:15.351,Bunneh,2023-06-02 19:36:54.135139
CTF-BT+(RS)FourChambers,01:58.807,}ElitE{Mike`,2013-05-20,02:03.985,Bunneh,2025-05-19 22:29:28.148277
CTF-BT+(SAFe)Circular(v2),01:18.882,}ElitE{Mike`,2010-09-12,01:27.141,Fulcrum,2025-04-23 15:29:49.188638
CTF-BT+(SAFe)ForgottenRuinz-v2,02:40.485,fierd_1,2013-05-19,03:03.122,Bunneh,2023-06-23 22:41:56.119937
CTF-BT+(ST)Dodge-vF2,58.526,~DarK~JoJo~,2025-04-10,01:06.612,Dylanbroo,2024-08-05 20:57:07.028612
CTF-BT+(Sv-Nw)Leanne-vF,01:25.786,Dylanbro,2022-01-09,01:34.337,Fulcrum,2025-04-01 19:51:53.793790
CTF-BT+(TyN)Maaike,02:09.567,}ElitE{Mike`,2017-06-17,02:11.413,Bunneh,2025-04-24 22:09:10.287535
CTF-BT+(UTW)A-K-vF,04:33.237,~DarK~JoJo~,2026-03-05,04:34.044,Arturek ;),2024-05-05 15:02:15.823138
CTF-BT+(V)HazyMazeCave,03:07.428,p-a-w-e-l,2021-09-16,03:14.049,Arturek ;),2025-06-03 13:17:23.911034
CTF-BT+(XX)WeatherWorld(EV)-fix3,02:01.287,BlueBalls,2022-08-20,02:04.957,DiegO.pX4,2026-03-13 19:01:50.055456
CTF-BT+8Bits]I[-V3,07:04.737,~DarK~JoJo~,2024-03-28,07:07.336,Arturek ;),2024-11-21 15:23:51.488213
CTF-BT+[LUN]HANGTIME!!!-V2,02:59.117,Nightwolf`,2022-04-09,03:14.055,Arturek ;),2025-11-30 13:59:37.983767
CTF-BT+Cathedral-v3b,02:26.800,fierd_1,2014-11-10,02:34.762,Bunneh,2025-04-20 22:32:53.898187
CTF-BT+JungleJumping,01:36.270,fierd_3,2011-12-18,01:53.281,Arturek ;),2026-02-07 19:22:10.341074
CTF-BT+Ocean-Kocian-v2,04:34.506,Nightwolf`,2017-12-14,04:36.815,Nightwolf`,2024-04-04 16:14:57.402978
CTF-BT+ReverseGear,01:23.729,Nightwolf`,2012-08-05,01:24.549,Riddick,2026-02-11 17:48:31.483813
CTF-BT+RoomsLevel-dbl,01:43.279,Dylanbro,2017-08-04,01:44.848,Melty13,2025-05-13 16:15:32.071582
CTF-BT+Savior,01:43.784,Nightwolf`,2012-09-28,01:44.850,Nightwolf`,2023-11-05 15:02:09.129415
CTF-BT-!nekoDungeon,01:39.616,~DarK~JoJo~,2025-04-18,01:41.496,Nightwolf`,2023-11-04 18:27:09.558532
CTF-BT-!nekoDungeon-EZ,01:37.828,~DarK~JoJo~,2025-04-17,01:39.529,Nightwolf`,2023-10-27 17:18:13.563853
CTF-BT-(77)JunctionVF1,01:10.057,Marmolak,2017-05-29,01:13.148,Bunneh,2024-07-12 20:51:12.402239
CTF-BT-(alc)MetroMash,02:30.901,~DarK~JoJo~,2026-03-23,02:31.056,Bunneh,2026-06-24 18:56:16.238345
CTF-BT-(alc)Perfection-vF,01:40.434,}ElitE{Mike`,2017-02-06,01:48.171,Bunneh,2025-06-01 23:46:25.199086
CTF-BT-(alc)PharaohsKingdom-v3,01:48.231,OwYeaW,2017-04-01,01:51.723,Bunneh,2025-05-15 22:37:19.190406
CTF-BT-(An)Not-What-It-Seems_v2,01:11.896,Dylanbro,2017-07-05,01:20.355,Bunneh,2025-05-24 21:35:53.681218
CTF-BT-(AW)Reeders,01:08.160,}ElitE{Bon,2009-05-15,01:09.091,Bunneh,2026-06-24 21:28:20.621359
CTF-BT-(B)AboveAndBeyond,01:53.207,}ElitE{Bon,2021-09-19,01:53.845,Nightwolf`,2023-11-12 17:02:42.409342
CTF-BT-(B)BlitzAce][,01:04.960,fierd_1,2014-12-14,01:10.989,ASG.Naru^,2024-11-04 20:11:55.475614
CTF-BT-(Ba)Ancient-Tomb,02:27.274,~DarK~JoJo~,2026-01-24,02:37.306,Riddick,2025-08-15 17:22:41.524790
CTF-BT-(Ba)Bloody-World,49.119,}ElitE{Mike`,2010-03-05,51.306,Nightwolf`,2024-12-29 20:34:12.484761
CTF-BT-(Ba)SpeedCat,53.095,|bc|chekz_=],2021-01-16,55.217,ch3kz,2024-11-04 22:37:37.587357
CTF-BT-(bar)Black&White_dbl,02:11.877,~DarK~JoJo~,2026-01-23,02:36.772,Bunneh,2023-05-18 20:33:48.990719
CTF-BT-(bar)Compilation-Fix,07:10.006,Franky`,2016-11-21,07:59.793,Arturek ;),2025-06-01 15:54:14.289837
CTF-BT-(bar)DinG-v3,03:39.149,BlueBalls,2021-12-24,06:03.343,Riddick,2026-04-16 16:44:43.107313
CTF-BT-(bar)FirsTracK-v3,02:15.557,~DarK~JoJo~,2025-06-07,02:21.541,Melty13,2024-08-06 14:28:27.550900
CTF-BT-(bar)For-normalname-vF,01:31.519,~DarK~JoJo~,2026-04-30,01:32.548,Melty13,2024-08-06 14:49:30.647047
CTF-BT-(bar)MegaMan2-AirManStage-V2013,01:02.695,Dylanbro,2013-03-30,01:03.306,Juli,2024-07-29 15:06:09.038304
CTF-BT-(bar)PharaonClown-v2,01:04.187,}ElitE{Bon,2020-10-11,01:04.693,Arturek ;),2026-06-02 21:00:58.326505
CTF-BT-(bar)Race,24.772,*WeeDy*,2018-01-09,29.531,Nick[#TeamDylan],2024-01-05 05:15:02.677353
CTF-BT-(bar)Tabarnak!,02:33.495,Nightwolf`,2013-05-08,02:53.492,Arturek ;),2026-02-07 14:33:10.934675
CTF-BT-(bar)Terminator,01:56.504,~DarK~JoJo~,2025-05-05,02:24.808,Bunneh,2023-05-29 07:15:46.197174
CTF-BT-(bar)TotalBarcode[Fix]-dbl,03:51.564,OwYeaW,2016-06-07,04:11.851,NinThomas,2024-06-01 16:12:05.983804
CTF-BT-(BI)anOtherWayOut,01:35.032,Nightwolf`,2013-10-15,01:36.412,Nightwolf`,2023-10-26 20:16:05.972784
CTF-BT-(BJ)Facility-v2,01:58.994,p-a-w-e-l,2021-08-25,02:11.147,Arturek ;),2026-02-11 14:38:01.593088
CTF-BT-(BJ)ToxicFacility-v3,02:27.088,Nightwolf`,2022-12-27,02:28.341,Nightwolf`,2026-01-10 12:48:30.178594
CTF-BT-(BK)EasyFalls_fix,14.561,Nightwolf`,2022-10-21,14.917,Nightwolf`,2024-02-11 22:28:09.280472
CTF-BT-(BK)Sewearth-v3b,01:16.062,Dylanbro,2021-05-02,01:16.135,Bunneh,2025-05-03 15:45:34.377968
CTF-BT-(C's)'A'CraZyEscape-v2,01:21.016,}ElitE{Bon,2011-07-12,01:25.135,Arturek ;),2025-10-30 21:11:38.826332
CTF-BT-(C)orey_fix,51.559,}ElitE{Mike`,2017-12-28,51.648,Nightwolf`,2024-12-27 18:56:04.287449
CTF-BT-(Cal)OnTopOfTheWorld-Fix,39.788,}ElitE{HellFire`,2020-09-14,43.225,Nightwolf`,2024-03-09 20:16:17.715220
CTF-BT-(Cals)ExTRaTERresTriAl_fix3,01:11.941,~DarK~JoJo~,2026-05-21,01:18.283,~DarK~JoJo~,2026-05-21 12:44:41.322455
CTF-BT-(CN)Arrieris,11.270,Nightwolf`,2017-12-17,11.439,Nightwolf`,2023-05-17 17:34:37.952537
CTF-BT-(CN)CompilaCouille,05:28.330,Dylanbro,2014-11-01,06:21.307,Arturek ;),2025-05-27 20:53:49.354053
CTF-BT-(CN)DejaVu,05:37.817,Franky`,2017-05-10,05:39.291,Melty13,2024-01-23 20:47:44.598571
CTF-BT-(CN)Delirium-EZ-vF,03:56.671,}ElitE{Bon,2009-03-07,04:25.167,Melty13,2024-01-23 21:09:40.781315
CTF-BT-(CN)Dodgy-v2,01:00.516,fierd_1,2014-02-25,01:12.817,ch3kz,2024-11-06 13:08:54.539251
CTF-BT-(CN)FatBunny-v2,01:00.478,fierd_6,2017-05-08,01:04.959,Melty13,2024-01-07 20:05:27.064638
CTF-BT-(CN)FiveKingsValley-v2,01:57.032,}ElitE{Bon,2018-01-06,02:21.248,Melty13,2026-03-05 15:57:48.716701
CTF-BT-(CN)Frogger-vF,01:49.309,~DarK~JoJo~,2025-04-14,01:51.993,Melty13,2026-02-05 14:31:29.320517
CTF-BT-(CN)MegaloMap-EZ,03:23.997,}ElitE{Bon,2017-06-11,03:42.520,Melty13,2024-01-07 20:32:17.641512
CTF-BT-(CN)MegaloMap-v2,03:38.602,}ElitE{Bon,2017-06-11,03:48.275,Melty13,2024-01-07 21:30:15.326241
CTF-BT-(CN)Noobs-vs-Rushers-v2,22.037,Nightwolf`,2016-11-07,22.186,Melty13,2026-01-16 13:14:51.873903
CTF-BT-(CN)UltimateDuel-v2,03:52.687,~DarK~JoJo~,2025-06-14,03:58.369,Xclusive,2025-08-13 19:31:43.651105
CTF-BT-(CN)WormholeXtreme-v2,03:08.511,}ElitE{Bon,2012-11-06,03:26.931,Arturek ;),2026-01-16 19:39:28.085936
CTF-BT-(CN)Xanadu-vF,02:28.971,Nightwolf`,2022-05-04,02:42.963,Arturek ;),2025-08-06 13:09:45.116771
CTF-BT-(CYA)PlayBoyMansion_i4g-vF,01:34.182,Nightwolf`,2013-06-05,01:34.788,Nightwolf`,2023-10-26 19:30:57.941696
CTF-BT-(Cyb)CyberInc,01:08.856,Dylanbro,2017-08-02,01:09.463,Nightwolf`,2024-04-02 10:37:49.952270
CTF-BT-(Cyp)CypressHill,01:40.386,Dylanbro,2023-01-11,01:41.404,Dylanbroo,2023-05-28 20:26:21.188623
CTF-BT-(Cyp)Dimension-v2,02:20.671,Nightwolf`,2013-10-16,02:29.212,Bunneh,2025-11-16 22:06:15.202819
CTF-BT-(D4nK)ForBarcode_v2,02:43.216,OwYeaW,2017-03-13,02:53.036,Arturek ;),2025-03-30 19:37:21.477103
CTF-BT-(dem)1-blocksV3b,01:01.484,fierd_3,2012-11-23,01:04.156,Nightwolf`,2025-10-06 15:04:11.895844
CTF-BT-(dem)Double-Base,02:23.149,fierd_3,2012-11-07,02:32.116,ASG.NewBinds,2026-02-26 20:36:11.614176
CTF-BT-(Dere)Spacering,20.559,Nightwolf`,2013-06-06,20.799,Melty13,2025-03-20 20:58:43.265321
CTF-BT-(Do)CTTT-v3,01:02.267,~DarK~JoJo~,2025-05-22,01:02.311,Dylanbroo,2025-08-30 02:35:09.510198
CTF-BT-(Dom)BunnY_n00bS,01:44.570,}ElitE{Bon,2020-10-12,01:44.756,Xclusive,2026-03-25 20:58:24.266401
CTF-BT-(Dom)DeepInHell,01:05.746,Dylanbro,2011-12-25,01:07.669,Fulcrum,2025-04-06 20:18:38.337945
CTF-BT-(DSI)BTTT_vF,30.985,Nightwolf`,2012-09-07,31.392,PatriK.pX3,2026-02-13 18:58:25.885922
CTF-BT-(DuS)ForMarek,01:10.783,OwYeaW,2017-03-29,01:15.320,Nick[#TeamDylan],2025-11-16 07:23:09.743294
CTF-BT-(ET)NoobTastic-EZ-v2,03:04.762,~DarK~JoJo~,2026-01-25,03:06.899,Arturek ;),2025-03-11 20:09:24.208645
CTF-BT-(ex)TimeWontTell,52.380,Nightwolf`,2022-04-14,52.675,Nightwolf`,2025-01-18 15:26:38.777546
CTF-BT-(Fran)Dingodile,01:01.215,Nightwolf`,2016-02-01,01:01.366,Nightwolf`,2023-09-02 17:58:38.924541
CTF-BT-(Fran)JumpAndDodge,01:00.153,Dylanbro,2017-11-09,01:01.936,Dylanbroo,2024-08-12 20:31:53.554759
CTF-BT-(GH)EgyptianTheBeginning_dbl2,03:09.025,}ElitE{Bon,2012-07-30,03:52.901,Bunneh,2023-09-29 21:18:18.706962
CTF-BT-(HD)Hyper-vF,42.291,p-a-w-e-l,2021-09-11,45.231,Nightwolf`,2024-04-02 11:46:54.995707
CTF-BT-(HD)StormyJungle-v2b,01:06.901,}ElitE{Bon,2013-06-24,01:11.578,Fulcrum,2025-04-09 16:25:16.772847
CTF-BT-(I)Base-v2,45.534,Nightwolf`,2022-04-24,45.817,Nightwolf`,2023-08-08 15:15:07.039591
CTF-BT-(I)NoobLand,10.129,Nightwolf`,2021-05-31,10.171,Melty13,2025-03-20 22:31:02.736410
CTF-BT-(I)SecretOps,27.301,Nightwolf`,2022-03-23,27.561,Nightwolf`,2023-05-29 14:41:40.331819
CTF-BT-(i-f)DeadlyTime_i4g,01:39.791,Nightwolf`,2013-10-18,01:44.436,Fulcrum,2025-03-20 19:27:22.887675
CTF-BT-(J)AngelOfDeath,01:24.219,}ElitE{HellFire`,2021-09-27,01:31.841,Arturek ;),2026-03-04 20:30:13.565110
CTF-BT-(Jt)Melancholy,58.807,}ElitE{HellFire`,2020-10-27,01:01.335,Bunneh,2025-04-30 23:37:15.844316
CTF-BT-(K)Death-Tomb-v3,01:15.884,Dylanbro,2022-01-02,01:21.818,Fulcrum,2025-04-03 21:58:50.283908
CTF-BT-(K)Hell,02:08.249,Nightwolf`,2014-10-11,02:31.991,Riddick,2025-10-07 19:55:22.934833
CTF-BT-(K)Hiding-Dungeon,56.377,Dylanbro,2013-11-15,57.545,Nightwolf`,2025-09-15 18:36:13.832659
CTF-BT-(K)LaMeShiT-v6,03:01.405,Nightwolf`,2014-01-19,03:13.578,Bunneh,2025-05-17 14:40:07.693071
CTF-BT-(K)Nightmare-v3,01:20.188,}ElitE{HellFire`,2022-08-28,01:25.500,Bunneh,2026-06-20 01:11:02.125365
CTF-BT-(K)Storm-Base-v2,01:44.163,}ElitE{Bon,2018-01-12,01:46.830,Bunneh,2026-06-20 00:56:35.485794
CTF-BT-(K)Torment-v3,01:20.893,}ElitE{Mike`,2009-06-27,01:35.863,Fulcrum,2025-04-04 16:12:50.908440
CTF-BT-(K-A)Atom-Reactor-vF,01:48.378,}ElitE{HellFire`,2021-09-27,01:56.291,Bunneh,2026-06-20 00:14:44.821744
CTF-BT-(K-A)HorrorCE,01:32.775,Nightwolf`,2019-04-01,01:34.038,Bunneh,2026-06-19 23:40:27.404865
CTF-BT-(K-A)KnowledgeCB2,02:42.619,Dylanbro,2022-10-21,02:46.054,Bunneh,2025-04-19 14:32:37.515671
CTF-BT-(K-E)Titanium-v3,01:30.162,p-a-w-e-l,2021-09-01,01:30.766,Bunneh,2025-04-22 00:21:11.525720
CTF-BT-(KC)CrimsonRoom,01:45.397,}ElitE{Bon,2017-10-27,01:58.301,PatriK.pX3,2026-03-12 23:51:18.974589
CTF-BT-(Kh)Interdit-17ans,01:45.493,p-a-w-e-l,2022-12-18,01:57.053,Xclusive,2024-07-26 12:16:34.300722
CTF-BT-(Kh)TombeDesFRA-vF,03:01.230,BlueBalls,2021-11-07,03:49.812,Bunneh,2023-09-01 22:32:24.006793
CTF-BT-(Ki)Hell-to-Paradise_vF,03:38.447,OwYeaW,2017-03-13,05:16.446,Arturek ;),2025-06-09 21:35:02.991254
CTF-BT-(Ki)LouisDeFunes,01:37.344,~DarK~JoJo~,2026-03-22,01:46.384,Arturek ;),2025-03-27 15:40:58.776429
CTF-BT-(Kraken)Crusade,53.535,Nightwolf`,2013-04-15,01:01.319,Melty13,2024-08-18 19:13:35.479829
CTF-BT-(Kraken)Decommissoned-vF,01:11.942,Nightwolf`,2014-01-27,01:12.100,Nightwolf`,2023-09-18 18:56:38.755312
CTF-BT-(LT)FOUR,04:05.243,OwYeaW,2016-11-06,04:42.503,Arturek ;),2025-06-13 12:47:31.990688
CTF-BT-(LT)Nobility-V3,01:13.189,Nightwolf`,2022-04-09,01:14.123,Nightwolf`,2023-09-20 18:45:05.076835
CTF-BT-(LU)EnvoyOfTheEnd-v2,01:21.752,}ElitE{Bon,2011-11-05,01:24.875,Arturek ;),2025-01-01 17:46:56.462775
CTF-BT-(Lvkkie)EvilLvkkie[v3],46.086,}ElitE{Bon,2021-09-22,46.154,Nightwolf`,2025-09-10 20:00:41.254167
CTF-BT-(M)Heretrick-vEZ-vF,02:56.719,}ElitE{Bon,2017-12-09,03:21.255,Some_Dude,2023-09-06 01:35:05.218958
CTF-BT-(MagB)Isolation-Ez,50.157,Nightwolf`,2012-09-09,50.785,GiorgiO.pX5,2026-01-20 18:16:16.458037
CTF-BT-(meg)DownNout-vF,01:40.455,fierd_1,2013-10-31,02:39.261,ch3kz,2025-04-14 19:02:36.789146
CTF-BT-(meg)Logout,53.397,Nightwolf`,2012-10-14,54.767,Nightwolf`,2023-08-11 19:55:58.786896
CTF-BT-(meg)MoStOfiT,02:51.872,p-a-w-e-l,2021-09-18,02:53.763,Nightwolf`,2024-03-03 21:08:00.668399
CTF-BT-(meg)OneMoREforU,01:47.636,OwYeaW,2016-06-13,02:00.725,Nightwolf`,2024-02-15 17:41:59.942832
CTF-BT-(meg)SMaShinG,01:08.920,p-a-w-e-l,2021-08-23,01:09.166,Nightwolf`,2024-12-30 17:46:25.376533
CTF-BT-(meg)Snakey_i4g,58.590,Dylanbro,2017-12-05,01:03.503,Nightwolf`,2025-08-10 15:28:13.892822
CTF-BT-(meg)Squrrells][,01:35.179,Dylanbro,2012-03-25,01:36.799,Fulcrum,2025-04-11 20:19:16.765005
CTF-BT-(meg)STillFun-vF,01:43.327,fierd_1,2014-10-11,01:48.645,OwYeaW,2024-01-06 06:43:02.209898
CTF-BT-(Mon-Ch)AbilitaPunteria,01:25.744,OwYeaW,2017-06-05,01:34.397,Arturek ;),2025-05-10 21:56:06.397287
CTF-BT-(Mon-Ch)Still-BorN-v2,01:37.864,}ElitE{Mike`,2014-12-24,02:02.011,Fulcrum,2025-02-24 21:37:55.868326
CTF-BT-(Mon-wB)Cursed-Tomb,02:45.985,}ElitE{Mike`,2017-11-01,02:55.802,PatriK.pX3,2026-05-28 01:34:24.043287
CTF-BT-(Mon-wB)WTFisThISShIT_i4g-vF,40.530,Dylanbro,2011-06-29,40.740,Nightwolf`,2024-12-11 17:53:21.539290
CTF-BT-(Myst)Crypt,20.787,Nightwolf`,2022-12-31,20.804,Nightwolf`,2023-05-24 18:21:45.457687
CTF-BT-(Myst)Recomendacion,37.371,Nightwolf`,2021-09-02,38.711,Nightwolf`,2024-12-06 12:23:17.720054
CTF-BT-(NA)SeasonWarz-fix2,02:47.843,Nightwolf`,2022-04-18,03:11.962,Riddick,2025-10-21 22:22:33.010936
CTF-BT-(nApg)HowHigh,02:04.964,Nightwolf`,2009-07-31,02:06.695,Nightwolf`,2023-11-19 17:24:24.692354
CTF-BT-(NB)LTTT,28.550,*WeeDy*,2018-03-16,29.400,Mike',2023-06-02 13:15:46.560744
CTF-BT-(NEO)LiquidLab,40.082,Dylanbro,2012-10-29,44.654,Nightwolf`,2024-12-17 15:10:00.098276
CTF-BT-(NEP)1337-v2,01:14.574,}ElitE{Mike`,2022-09-20,01:15.444,Melty13,2025-03-18 20:11:37.243432
CTF-BT-(NEP)HotStuff,50.895,}ElitE{HellFire`,2018-01-18,57.421,Nightwolf`,2024-04-02 13:40:24.889761
CTF-BT-(ow)Lightneng-v2,07:25.576,OwYeaW,2016-02-14,09:53.825,Arturek ;),2023-05-22 17:02:16.530643
CTF-BT-(ow)Simpleng,21.837,Nightwolf`,2022-10-06,22.197,Nightwolf`,2023-05-26 18:31:21.075629
CTF-BT-(ow)Targeteng0-v3,01:30.906,}ElitE{Bon,2021-08-13,01:30.925,Xclusive,2025-06-16 21:12:15.638780
CTF-BT-(Pat)CTTT(EZ)_v3,02:33.524,OwYeaW,2017-06-05,02:48.974,PatriK.pX3,2026-01-23 20:55:09.588426
CTF-BT-(Phan)Volcano-v2,01:20.312,Nightwolf`,2012-09-29,01:20.727,Nightwolf`,2023-10-18 10:40:06.424332
CTF-BT-(PL)w00tw00t_fix,26.839,}ElitE{Bon,2022-02-11,26.929,Dylanbroo,2026-06-05 19:34:36.581679
CTF-BT-(Provo)TimeForBT,20.027,}ElitE{HellFire`,2021-08-26,20.335,Nightwolf`,2024-11-22 11:29:20.253658
CTF-BT-(Provo)WTF-Rush-i4g,18.649,BlueBalls,2022-10-19,18.650,Melty13,2024-01-14 15:07:40.460566
CTF-BT-(R)MaxycrayedCastle_i4g,45.956,}ElitE{Bon,2009-06-05,47.164,Bunneh,2026-06-21 19:53:59.924892
CTF-BT-(RAP)Punishment,01:02.524,}ElitE{HellFire`,2016-11-05,01:02.905,Bunneh,2026-06-21 20:09:17.273844
CTF-BT-(RB)Compound,02:06.961,OwYeaW,2016-07-19,02:10.496,Bunneh,2025-08-12 22:16:36.133696
CTF-BT-(RB)Phycomania-v2,01:37.124,}ElitE{HellFire`,2021-09-30,01:43.220,Bunneh,2026-06-21 22:01:32.896097
CTF-BT-(Roel)Amplitude-v3,02:34.431,~DarK~JoJo~,2025-04-13,02:38.739,Arturek ;),2025-02-21 14:52:08.339002
CTF-BT-(Roel)GoGoGo!]I[-v2,01:05.328,Ensiferum,2021-11-23,01:06.728,huskywusky,2025-02-24 19:33:21.418426
CTF-BT-(Roel)TwoCastles,04:58.003,Nightwolf`,2019-03-23,05:12.087,huskywusky,2023-08-25 22:46:08.554260
CTF-BT-(Rp)-AncientTemple,01:11.541,}ElitE{Bon,2016-11-27,01:14.889,PatriK.pX3,2026-04-18 22:54:30.915565
CTF-BT-(Rp)-CTTT][-final,01:48.894,Dylanbro,2014-01-29,01:58.445,Bunneh,2025-01-04 21:59:59.515989
CTF-BT-(Rp)-CTTT]I[-vF_nmc2,02:38.665,Nightwolf`,2014-10-10,02:43.289,Bunneh,2025-01-04 22:41:10.592049
CTF-BT-(RS)OlympusMons,01:30.302,}ElitE{Bon,2018-01-05,01:42.303,huskywusky,2025-02-06 07:01:07.409369
CTF-BT-(RSK)-LavaDeath,01:31.972,fierd_1,2013-09-30,01:34.548,Bunneh,2025-05-24 23:15:01.256802
CTF-BT-(SA)Redemption][,02:12.742,fierd_1,2013-10-25,02:29.558,Riddick,2026-02-25 16:59:19.502503
CTF-BT-(ShaDiE)Jumper,01:26.634,}ElitE{HellFire`,2021-08-29,01:26.640,Nightwolf`,2024-02-13 17:25:23.422484
CTF-BT-(SM)LandofAlom-vF,02:49.930,}ElitE{Mike`,2021-07-14,03:00.158,Bunneh,2023-09-02 21:20:39.169934
CTF-BT-(SM)LandofAlomBL,03:12.004,Nightwolf`,2014-01-21,03:41.488,Arturek ;),2025-05-15 12:42:15.923293
CTF-BT-(SM)Symmetry_i4g,41.202,Nightwolf`,2012-09-07,42.097,Nightwolf`,2023-08-06 11:59:33.146057
CTF-BT-(SM-S)Darkside_dbl2,03:20.324,Nightwolf`,2012-08-26,03:57.005,Bunneh,2023-06-21 21:38:45.936235
CTF-BT-(syn)Shelter,01:38.548,p-a-w-e-l,2021-07-08,01:40.028,Arturek ;),2024-08-25 11:37:25.092877
CTF-BT-(Tez)SpaceWalk-v2,50.861,Marmolak,2015-12-31,53.224,Melty13,2023-12-11 21:29:22.086962
CTF-BT-(TITCH)HardCore,52.115,}ElitE{Mike`,2018-01-01,52.334,Nightwolf`,2024-12-27 20:11:51.524871
CTF-BT-(Tr-Maz)Rendezvous-fix,38.845,Nightwolf`,2022-12-31,39.528,Nightwolf`,2023-08-04 21:01:01.835992
CTF-BT-(TVS)TheXFiles-v2,41.719,Nightwolf`,2012-10-17,42.636,Nightwolf`,2023-08-06 12:49:52.957074
CTF-BT-(UTW)100_for_SneakFreak,05:44.735,OwYeaW,2016-05-04,06:29.913,Arturek ;),2025-03-21 13:33:41.389077
CTF-BT-(UTW)4parts_dbl,05:38.722,Nightwolf`,2013-04-07,06:22.597,Arturek ;),2025-05-31 11:02:46.897591
CTF-BT-(UTW)FragMe-vF,01:02.104,fierd_6,2017-06-08,01:05.837,Arturek ;),2026-03-23 19:58:48.648786
CTF-BT-(UTW)Towers_dbl2,01:21.885,Dylanbro,2014-01-28,01:30.953,huskywusky,2023-09-16 22:47:12.892385
CTF-BT-(UTW)Vitalic][,02:22.801,OwYeaW,2017-04-09,02:43.543,Arturek ;),2026-03-23 19:15:09.784928
CTF-BT-(UTW)World_War_II,03:04.696,p-a-w-e-l,2021-08-25,03:16.987,Arturek ;),2026-03-20 14:05:37.499369
CTF-BT-(UTW)Wuhan,01:09.670,p-a-w-e-l,2021-07-24,01:11.955,Arturek ;),2024-06-05 18:30:24.920859
CTF-BT-(UTW)Xian,01:12.521,p-a-w-e-l,2021-09-17,01:14.579,Arturek ;),2026-02-26 16:57:12.346641
CTF-BT-(W)GTF,38.455,fierd_1,2014-03-06,39.023,Nightwolf`,2024-12-06 16:12:57.720421
CTF-BT-(W)NewbyReloaded,01:08.890,Dylanbro,2018-01-14,01:09.338,Bunneh,2024-06-08 22:15:23.143270
CTF-BT-(W)Sunspire-v2,01:50.727,fierd_1,2014-03-05,02:03.066,huskywusky,2024-11-26 06:00:19.789127
CTF-BT-(W)Warlord'sFactory,01:42.855,Dylanbro,2012-03-20,01:47.408,Arturek ;),2026-01-21 18:56:46.755092
CTF-BT-(wB)NaliStyle!,58.179,Nightwolf`,2021-05-22,58.307,Nightwolf`,2023-08-26 12:52:49.706727
CTF-BT-(XX)DeepChaos-v2,01:50.179,}ElitE{HellFire`,2017-10-07,01:56.158,Arturek ;),2026-06-10 18:24:24.984275
CTF-BT-(ZB)Collage_fix,56.781,}ElitE{HellFire`,2018-02-25,01:02.602,Fulcrum,2025-04-09 16:40:29.053649
CTF-BT-(ZC)GroundZero,01:30.562,Nightwolf`,2014-10-08,01:31.598,Nightwolf`,2023-10-25 13:23:52.398343
CTF-BT-)Fun(SyNeRgI,02:27.139,Dylanbro,2013-11-12,02:27.269,Riddick,2026-02-26 19:36:47.864062
CTF-BT-4newbzIIXL-fix,01:34.119,BlueBalls,2022-01-18,01:37.332,Fulcrum,2025-04-12 20:15:15.135599
CTF-BT-[A]-TTF-2,02:36.403,Nightwolf`,2013-04-07,02:37.974,Melty13,2025-05-13 11:06:01.560617
CTF-BT-[AC]YeOldeSpaceRush-fix,33.436,~DarK~JoJo~,2026-01-26,37.298,Melty13,2026-05-21 13:00:24.518706
CTF-BT-[H&S]Fun_i4g,01:03.060,}ElitE{Mike`,2014-03-15,01:08.963,Fulcrum,2025-04-11 15:59:09.954503
CTF-BT-[LUN]EverwaveV2,02:37.432,~DarK~JoJo~,2024-03-02,02:38.556,Nightwolf`,2024-02-11 14:59:50.608372
CTF-BT-[SFC]JumpPad-fix2,46.856,OwYeaW,2016-05-17,47.514,Nightwolf`,2024-02-16 19:55:49.814115
CTF-BT-[T-BiG]Px003-fix,40.400,Nightwolf`,2022-04-20,41.791,Nightwolf`,2024-02-18 22:29:56.119024
CTF-BT-[TBiG]Gallery-SE-fix,11.550,}ElitE{HellFire`,2020-10-01,11.606,Nightwolf`,2023-08-25 20:03:06.078443
CTF-BT-[U-U]-Lives_vF2,28.275,Dylanbro,2017-07-03,28.353,Nightwolf`,2024-11-27 20:27:16.461538
CTF-BT-[U-U]-TehFactory,35.018,Nightwolf`,2013-10-14,35.335,Nightwolf`,2023-06-04 15:20:22.817674
CTF-BT-[u4g]Corridors_EvE-fix,50.488,OwYeaW,2021-11-07,53.049,Nightwolf`,2024-03-16 23:05:30.624078
CTF-BT-[u4g]CrystalTomb_EvE-fixed,01:07.312,Nightwolf`,2021-12-11,01:08.641,Nightwolf`,2023-09-13 15:55:26.349885
CTF-BT-[ZL]Avange-Practice,32.797,}ElitE{HellFire`,2020-08-22,32.870,Bunneh,2025-04-24 21:54:00.269514
CTF-BT-[ZL]Crypt-v2,01:07.418,}ElitE{HellFire`,2020-09-13,01:10.353,huskywusky,2024-08-30 20:37:19.202834
CTF-BT-[ZL]SlidingToTheHell-v3,16.330,Nightwolf`,2016-11-09,16.342,ASG.noaction,2026-06-13 00:02:30.699554
CTF-BT-A-Desolate-Place,16.384,Nightwolf`,2022-10-21,16.611,Nightwolf`,2024-02-24 23:35:16.494716
CTF-BT-A1ColdFusion-dbl,02:08.060,p-a-w-e-l,2021-07-11,02:19.059,Arturek ;),2025-05-13 12:51:24.869538
CTF-BT-A1TwoD,44.667,}ElitE{Bon,2018-01-03,01:03.815,PatriK.pX3,2026-03-21 23:49:36.646533
CTF-BT-AbandonedHallwayfix,01:41.571,}ElitE{Bon,2021-07-04,01:44.850,Arturek ;),2025-05-07 16:09:11.999767
CTF-BT-Alcatras,01:15.805,Dylanbro,2013-04-22,01:17.061,Bunneh,2025-05-31 22:22:59.714452
CTF-BT-Aleria,01:28.170,}ElitE{HellFire`,2022-09-14,01:28.704,Nightwolf`,2024-11-15 10:05:52.024891
CTF-BT-ALilBitNuts_dbl,20.790,}ElitE{HellFire`,2019-08-23,22.702,Juli,2026-05-06 21:54:34.559259
CTF-BT-Altercation,01:08.884,OwYeaW,2021-10-24,01:09.393,Melty13,2023-11-29 10:58:25.912226
CTF-BT-AncientLost_i4g_v2,42.618,}ElitE{Bon,2010-01-11,44.316,Arturek ;),2024-12-01 21:47:02.793807
CTF-BT-Ancienttempleitsadam-v2,53.530,BlueBalls,2021-10-22,53.613,Nightwolf`,2024-12-27 21:18:42.221088
CTF-BT-Anghellic,03:12.539,p-a-w-e-l,2022-11-04,03:19.376,Melty13,2023-12-08 17:23:07.145793
CTF-BT-AnOdyssey-EZ_fix,01:08.910,BlueBalls,2022-09-14,01:14.250,Bunneh,2025-05-18 12:22:10.842671
CTF-BT-Another,03:31.499,}ElitE{Bon,2010-08-31,04:13.742,Bunneh,2023-09-14 20:35:58.221128
CTF-BT-Apocalypto-v2,02:15.855,Nightwolf`,2021-08-11,02:16.004,Nightwolf`,2023-12-21 16:12:13.645357
CTF-BT-Archaeology,04:06.144,Nightwolf`,2012-09-20,04:25.693,Arturek ;),2025-05-18 17:39:45.625072
CTF-BT-Argos,01:12.860,}ElitE{Bon,2017-06-23,01:19.770,Fulcrum,2025-01-19 21:03:20.667058
CTF-BT-ArrowCrypt_fix,01:14.082,Nightwolf`,2022-04-25,01:14.797,yungkya,2026-06-23 07:08:11.684213
CTF-BT-Ascendant,02:44.089,OwYeaW,2016-10-13,02:44.886,Arturek ;),2026-04-16 10:32:31.189454
CTF-BT-AttackIsBack-v3,21.838,Nightwolf`,2022-10-20,21.907,Nightwolf`,2023-12-15 23:32:46.893322
CTF-BT-AttackWithLava,01:13.236,}ElitE{HellFire`,2019-08-25,01:13.853,Xclusive,2025-05-11 11:50:26.244433
CTF-BT-Aurignal_FIX,01:12.219,Dylanbro,2012-10-18,01:16.921,PuTZe,2023-08-25 14:27:45.957264
CTF-BT-Auronsiginal,01:54.108,Dylanbro,2012-10-18,01:59.387,Xclusive,2025-05-11 12:09:59.727911
CTF-BT-BaNdIt_dbl,01:01.419,Nightwolf`,2013-05-19,01:01.609,PuTZe,2026-04-13 17:29:07.687108
CTF-BT-Basix,44.358,}ElitE{Bon,2012-11-04,44.556,Nightwolf`,2024-12-19 19:23:16.307974
CTF-BT-BerryBlueTyphoon-dbl,01:21.408,Dylanbro,2016-01-05,01:22.545,Dylanbroo,2024-03-14 20:48:21.853120
CTF-BT-Bit-O-BT-vF,42.005,}ElitE{HellFire`,2021-08-29,43.447,Nightwolf`,2025-11-28 22:29:26.289543
CTF-BT-BlitzAce,54.475,}ElitE{Bon,2017-12-17,01:00.400,PuTZe,2024-12-09 12:59:41.102987
CTF-BT-Blueberrycaek-vF,43.089,~DarK~JoJo~,2025-06-07,45.378,Nightwolf`,2024-12-21 22:24:52.996587
CTF-BT-Booker-v2,54.829,}ElitE{HellFire`,2017-06-11,01:00.645,huskywusky,2024-04-02 07:27:40.702760
CTF-BT-BossFactory-fix,25.740,Nightwolf`,2022-10-05,25.993,Nightwolf`,2023-05-28 17:57:14.668919
CTF-BT-BreakingPointV4,01:58.077,~DarK~JoJo~,2024-01-17,02:03.522,Bunneh,2023-06-10 12:32:52.330787
CTF-BT-Buildings_fix,01:11.666,}ElitE{Mike`,2018-01-03,01:17.147,Bunneh,2026-06-20 23:42:44.383598
CTF-BT-Bunny-Games_v2,01:18.140,Nightwolf`,2022-04-19,01:19.803,Nightwolf`,2023-10-12 16:21:12.271219
CTF-BT-BunnyDungeon,01:42.538,Nightwolf`,2012-08-16,01:43.209,Bunneh,2026-06-21 00:05:09.858917
CTF-BT-Captime-fix,01:16.401,Dylanbro,2021-07-04,01:18.241,Nightwolf`,2023-12-16 04:00:04.226023
CTF-BT-CentralCore-vF,37.760,}ElitE{Bon,2017-06-15,38.267,Nightwolf`,2024-03-19 13:15:59.121030
CTF-BT-ChewBaCca-v2,02:04.739,}ElitE{Bon,2016-11-26,02:06.920,Bunneh,2026-06-21 13:43:24.044396
CTF-BT-Chiko_0v3,04:09.132,Dylanbro,2021-11-01,04:20.529,Melty13,2024-01-09 15:17:13.865273
CTF-BT-Church][v2,01:37.986,}ElitE{HellFire`,2020-07-30,01:38.483,huskywusky,2025-11-17 02:32:44.831986
CTF-BT-Closer][b,01:24.238,}ElitE{Bon,2017-12-16,01:24.683,ASG.Naru^,2024-03-17 15:36:38.933806
CTF-BT-Coastal-Temple_dbl,03:30.184,p-a-w-e-l,2021-09-16,03:44.317,Arturek ;),2025-09-30 16:59:50.773177
CTF-BT-Coconutcaek_vF,01:14.365,Nightwolf`,2013-03-30,01:18.457,Arturek ;),2026-05-16 18:49:30.318416
CTF-BT-CompilapX5V3,04:17.185,~DarK~JoJo~,2024-03-10,04:19.402,Arturek ;),2024-11-19 20:15:47.275512
CTF-BT-Complexity-vF2,47.316,fierd_3,2021-05-29,01:59.875,ch3kz,2025-11-13 02:12:21.538409
CTF-BT-ComPRaDs_Map-fix1,13.074,}ElitE{Mike`,2022-10-15,13.080,Juli,2025-07-18 03:37:28.442275
CTF-BT-ConcreteComplete,03:13.351,BlueBalls,2022-01-01,03:13.732,Melty13,2024-01-08 23:32:50.263452
CTF-BT-ConfrontatioNuLLFINAL,01:08.094,Nightwolf`,2022-03-18,01:10.423,Nightwolf`,2023-09-14 15:32:49.104271
CTF-BT-Core-888-dbl-v5,05:49.486,OwYeaW,2016-10-15,06:39.116,Arturek ;),2025-11-17 19:37:22.156860
CTF-BT-CorkWood-v2,01:09.673,Dylanbro,2016-01-19,01:10.884,Bunneh,2025-04-23 22:17:56.690118
CTF-BT-CrematoriuM_nmc,01:22.268,Nightwolf`,2022-04-28,01:59.699,Nightwolf`,2023-10-18 15:24:07.890456
CTF-BT-CryptDungeon(V2),01:32.080,fierd_6,2017-03-14,01:32.766,Melty13,2024-01-19 18:11:27.730109
CTF-BT-CTTT-NBK_fix,30.393,}ElitE{HellFire`,2022-09-12,30.776,Nightwolf`,2024-12-02 15:41:23.891103
CTF-BT-Cyclone,02:23.936,}ElitE{Bon,2009-07-07,02:39.700,Arturek ;),2024-11-26 15:33:00.039296
CTF-BT-Deadboltv5,02:40.314,Nightwolf`,2021-08-11,02:44.183,Arturek ;),2025-02-23 14:48:40.864155
CTF-BT-DeadSimple-fix,01:01.736,AlmostTheWorst,2021-05-22,01:02.548,Bunneh,2025-05-03 13:45:21.644880
CTF-BT-DefendersOfAnarchy_fix,02:03.236,}ElitE{HellFire`,2022-10-06,02:07.327,Nightwolf`,2024-02-15 16:47:45.590486
CTF-BT-Deflection_dbl,01:16.546,Nightwolf`,2022-04-18,01:17.956,Nightwolf`,2023-10-11 12:09:19.598365
CTF-BT-DepotV2,55.966,Nightwolf`,2022-04-24,56.130,Nightwolf`,2023-08-16 15:28:25.297032
CTF-BT-DespondentsInferno_v2,01:49.827,~DarK~JoJo~,2025-06-19,01:56.221,Nightwolf`,2025-10-26 07:55:25.997402
CTF-BT-Destiny_fix,41.641,}ElitE{Mike`,2022-09-04,43.500,Nightwolf`,2024-03-23 17:59:06.430528
CTF-BT-Destruction_i4g,02:02.401,Nightwolf`,2012-10-13,02:02.736,Nightwolf`,2023-11-17 18:44:30.026151
CTF-BT-DieBitches,01:50.885,~DarK~JoJo~,2026-01-13,01:52.094,Nightwolf`,2023-11-12 14:49:27.983489
CTF-BT-DiggingUpThemPoles,03.618,Nightwolf`,2017-12-01,3.711,Nightwolf`,2023-05-18 14:44:15.658221
CTF-BT-DiscoKangaroo!!-dbl2,23.061,Dylanbro,2021-06-09,23.265,Nightwolf`,2024-11-23 22:38:43.867342
CTF-BT-Domination_i4g,56.104,}ElitE{Bon,2021-12-16,01:02.238,Fulcrum,2025-03-28 18:00:13.611394
CTF-BT-DouglaS,01:00.349,Dylanbro,2017-12-16,01:01.303,Bunneh,2025-04-30 22:33:37.669513
CTF-BT-DuBBeLvlA's-Crypt_i4g,01:33.474,}ElitE{Mike`,2013-06-05,01:35.797,TriGGeR,2026-04-27 19:18:01.190094
CTF-BT-Dumbfounded-fix,22.304,Nightwolf`,2023-01-13,22.455,Nightwolf`,2023-05-27 13:06:49.740683
CTF-BT-EasterSchmeaster-v2,24.131,*WeeDy*,2022-03-11,24.218,Nightwolf`,2024-12-22 21:28:52.880450
CTF-BT-Elevate,22.376,}ElitE{HellFire`,2017-12-10,23.281,Dylanbroo,2023-06-22 22:03:55.619815
CTF-BT-EmilYoo-v2,33.056,Nightwolf`,2012-08-16,33.188,Nightwolf`,2023-06-03 22:28:04.652604
CTF-BT-Escalier-EZ-vF,01:08.926,Dylanbro,2021-08-22,01:12.999,Bunneh,2025-05-19 22:15:59.530876
CTF-BT-EW-Chaos,01:06.824,Dylanbro,2012-06-03,01:13.836,Fulcrum,2025-04-07 18:04:58.620589
CTF-BT-Extreme-X-fixed,02:50.248,}ElitE{HellFire`,2020-08-16,03:00.842,Xclusive,2025-06-20 17:47:19.434796
CTF-BT-FacadeCB,01:43.628,Dylanbro,2023-02-21,01:44.933,Dylanbroo,2023-12-16 19:25:20.660530
CTF-BT-Faction-vF2,01:04.891,Dylanbro,2021-04-11,01:06.272,Bunneh,2025-04-27 12:39:47.985825
CTF-BT-Find-v2,24.913,BlueBalls,2022-09-05,25.311,Nightwolf`,2024-11-24 15:14:03.965388
CTF-BT-FireDoor,02:14.060,}ElitE{HellFire`,2021-09-18,02:24.682,Arturek ;),2026-01-08 21:48:58.863170
CTF-BT-Fleahole-v2,49.082,Addic7ed,2019-06-23,50.431,Nightwolf`,2024-12-26 13:07:52.283803
CTF-BT-ForAnte_vF,51.936,~DarK~JoJo~,2026-03-23,52.665,Nightwolf`,2023-08-11 17:39:10.568245
CTF-BT-ForJade&Amber-vLO,22.635,SuRi,2015-03-02,22.859,Nightwolf`,2024-11-23 18:52:05.816406
CTF-BT-FortressOfTheDcW-fix,02:49.006,Nightwolf`,2022-04-22,02:56.095,Bunneh,2026-01-02 03:30:53.490509
CTF-BT-FrictionV2,01:29.707,Nightwolf`,2021-11-05,01:29.939,Nightwolf`,2023-10-24 17:42:00.043843
CTF-BT-FusedRuins,03:36.786,Nightwolf`,2021-09-03,04:01.140,Bunneh,2025-05-18 13:38:34.806191
CTF-BT-FutureRunner_dbl,02:41.236,Nightwolf`,2022-04-02,03:00.123,Xclusive,2024-01-12 17:13:14.804884
CTF-BT-GG-RetroHook-v2,15.387,*WeeDy*,2021-02-23,16.145,Bunneh,2023-11-02 22:42:59.233877
CTF-BT-Graspv3,53.962,~DarK~JoJo~,2026-03-18,57.981,Nightwolf`,2023-08-16 17:36:59.169833
CTF-BT-GravitronBL_fix2,02:16.107,Nightwolf`,2022-04-07,02:18.479,Nightwolf`,2023-11-14 16:31:46.225831
CTF-BT-Halcyon-v3,02:20.590,}ElitE{Bon,2017-12-10,02:53.082,Bunneh,2023-09-14 20:25:25.312030
CTF-BT-HallsOfTime,01:37.225,fierd_3,2011-10-27,02:11.251,Arturek ;),2025-04-26 14:04:32.414891
CTF-BT-Haste,01:05.454,fierd_1,2014-09-12,01:05.667,{xBTp}goku`,2024-09-06 11:55:00.615473
CTF-BT-HauxV3,02:29.469,TDN-Berserker,2019-12-05,02:30.795,Berserker,2025-09-14 17:26:35.579660
CTF-BT-Hemortals-house-v3,01:39.421,Nightwolf`,2022-04-10,01:41.438,Bunneh,2025-04-23 21:46:03.196119
CTF-BT-HeroesRoadv2b,01:30.627,Dylanbro,2012-03-05,01:31.224,Juli,2026-02-06 11:25:42.307473
CTF-BT-HighFall-v2,04:15.548,}ElitE{Bon,2009-04-04,04:48.392,Riddick,2025-09-02 20:42:34.113582
CTF-BT-HighQuality-v3,01:00.445,~DarK~JoJo~,2026-01-23,01:03.484,Arturek ;),2026-03-04 20:51:52.761768
CTF-BT-HoerenJungle,37.358,Nightwolf`,2012-09-25,37.613,Nightwolf`,2023-07-31 16:19:31.139565
CTF-BT-HumaK,01:29.859,OwYeaW,2017-02-27,01:38.200,Riddick,2025-07-23 22:06:47.030868
CTF-BT-HydroPlant_fix2,02:16.644,}ElitE{Bon,2012-02-12,02:40.550,Arturek ;),2025-04-21 11:56:41.678591
CTF-BT-Ice-Monsters-v2,01:03.852,}ElitE{Bon,2013-05-26,01:06.030,Melty13,2024-01-30 18:29:59.277857
CTF-BT-IllusionNaRy_Fun-v3,01:08.976,Nightwolf`,2022-04-26,01:09.655,Nightwolf`,2023-09-16 10:16:05.047867
CTF-BT-Imation-v3,14.295,Nightwolf`,2022-03-14,17.712,Nightwolf`,2024-02-05 01:58:48.026770
CTF-BT-Immediately-v2,01:40.008,Nightwolf`,2014-05-22,01:53.254,Bunneh,2023-06-11 09:08:29.655945
CTF-BT-Incinerated,43.786,}ElitE{Bon,2021-09-06,44.325,Melty13,2024-05-15 11:35:51.654688
CTF-BT-itsadam1stmap-v4,01:25.324,}ElitE{HellFire`,2020-10-31,01:26.580,Nightwolf`,2024-02-18 18:17:29.394668
CTF-BT-J&Ds-dbl,44.582,}ElitE{Mike`,2021-06-10,45.483,Nightwolf`,2024-02-18 17:53:20.436912
CTF-BT-JanTz-v2,01:59.994,fierd_1,2014-11-09,02:13.406,Bunneh,2023-09-04 16:07:38.701151
CTF-BT-K-Kripled_vF,50.309,Dylanbro,2014-02-01,01:01.463,Bunneh,2023-05-17 21:05:16.347603
CTF-BT-KatanaCastle-v2,01:31.816,Nightwolf`,2021-05-22,01:32.437,Nightwolf`,2023-10-26 16:14:52.159967
CTF-BT-KidSpeed-fixed,34.976,Nightwolf`,2012-10-13,46.132,ASG.Naru^,2024-03-16 19:51:18.597610
CTF-BT-KnighTfarE][-v2,02:40.448,}ElitE{Bon,2013-06-16,02:42.754,Melty13,2026-05-21 12:23:24.561763
CTF-BT-KnighTs-Lab1134,02:08.567,Dylanbro,2012-09-11,02:13.641,{xBTp}goku`,2025-06-07 11:01:24.221472
CTF-BT-Krako-v2,34.124,}ElitE{HellFire`,2022-09-05,43.338,Bunneh,2026-06-24 23:06:53.616560
CTF-BT-Krall-Fortress-V2,02:16.352,Nightwolf`,2022-04-05,02:16.804,Nightwolf`,2023-12-21 16:41:30.429978
CTF-BT-Laboratory777,01:26.817,p-a-w-e-l,2021-09-20,01:38.354,Arturek ;),2024-02-25 22:18:28.338886
CTF-BT-Lacei][-fix,01:23.085,Dylanbro,2021-11-11,01:25.023,Bunneh,2025-04-22 00:31:53.157314
CTF-BT-LAGacy-V2,01:10.407,Nightwolf`,2014-05-22,01:12.088,ASG.noaction,2025-10-24 15:23:41.780281
CTF-BT-Lampv4_fix,42.762,}ElitE{HellFire`,2022-09-16,45.025,Nightwolf`,2024-03-22 02:24:10.510471
CTF-BT-Lanayru-v3,02:34.312,}ElitE{Bon,2021-05-27,02:34.794,Arturek ;),2026-05-17 17:08:33.884502
CTF-BT-LandofSecrets-v2,01:58.552,Nightwolf`,2017-11-20,01:58.672,Nightwolf`,2023-11-15 11:21:46.832929
CTF-BT-Lava-Tea-Party-v3,02:33.836,Dylanbro,2013-05-17,02:42.504,Bunneh,2025-11-16 22:23:42.727305
CTF-BT-Legal-fix,01:55.942,BlueBalls,2021-11-06,02:09.206,PatriK.pX3,2026-02-16 03:40:22.999447
CTF-BT-LegoShit][-v2,19.515,Nightwolf`,2022-10-09,19.836,Nightwolf`,2023-05-24 13:04:14.533423
CTF-BT-Limit,01:45.688,Nightwolf`,2022-04-02,01:48.579,Arturek ;),2026-02-23 16:35:18.971706
CTF-BT-Link's_Odyssey_V02,01:14.508,}ElitE{cRuNcHeR,2012-01-16,01:20.947,Bunneh,2025-05-11 22:29:47.315659
CTF-BT-LostTemple,02:34.199,}ElitE{Bon,2017-12-26,02:39.908,Alexxeh.pX7,2026-05-18 06:16:10.451226
CTF-BT-LostV2-FIX,01:32.645,}ElitE{HellFire`,2020-09-09,01:43.522,Bunneh,2024-12-27 21:41:34.777935
CTF-BT-LowGravity_i4g,03:39.322,~DarK~JoJo~,2025-02-04,03:49.936,~DarK~JoJo~,2026-01-28 12:31:11.629007
CTF-BT-Lunaria-v3,04:09.170,Nightwolf`,2022-03-18,04:48.875,Arturek ;),2025-05-02 22:43:16.904842
CTF-BT-Maara-v3,01:37.331,}ElitE{Bon,2019-12-27,01:43.461,Arturek ;),2026-02-06 18:55:49.678029
CTF-BT-Madrigal-Lv,01:05.154,}ElitE{Bon,2017-12-16,01:09.589,Bunneh,2024-12-27 22:12:56.519244
CTF-BT-MaverickNoobs,01:13.072,Dylanbro,2012-03-24,01:13.271,Bunneh,2025-04-27 12:58:26.516762
CTF-BT-Mentality-v1,58.978,}ElitE{Bon,2020-11-09,01:02.473,Melty13,2024-08-18 18:40:52.716733
CTF-BT-MetalFacility_i4g-vF2,01:38.610,Nightwolf`,2014-10-18,01:39.885,PuTZe,2024-05-29 10:40:31.529752
CTF-BT-Meteora,01:23.404,Nightwolf`,2021-08-23,01:23.408,Dylanbroo,2024-06-05 21:35:13.218707
CTF-BT-Mix-longv1,05:33.222,~DarK~JoJo~,2025-06-13,05:51.593,ch3kz,2025-05-24 23:13:15.491582
CTF-BT-Morphium-v4,01:33.218,Nightwolf`,2022-04-17,01:34.224,Nightwolf`,2023-10-26 18:27:42.184601
CTF-BT-MosquitoPalace-fix,46.476,Nightwolf`,2017-01-08,46.582,Nightwolf`,2023-08-08 18:37:34.553261
CTF-BT-Movable_vF,53.935,p-a-w-e-l,2021-09-02,56.386,Xclusive,2024-08-31 09:19:57.681135
CTF-BT-MovingColors-v2,59.994,Dylanbro,2017-08-02,01:00.045,Bunneh,2025-04-15 18:58:30.308234
CTF-BT-NaliSurfin-EZ-fix,16.343,~DarK~JoJo~,2026-03-10,18.127,Zla026 }2Key-Enjoyer{,2023-05-29 17:29:39.501950
CTF-BT-NaPaliLands-v2,01:30.734,}ElitE{HellFire`,2020-07-31,01:30.828,Bunneh,2025-04-15 19:38:08.749908
CTF-BT-NightFall-V2,03:40.664,Nightwolf`,2013-05-12,04:18.198,Bunneh,2023-09-25 13:00:48.277818
CTF-BT-Ninja-jo,01:01.634,Nightwolf`,2012-09-22,01:09.149,Fulcrum,2025-04-06 19:52:04.581106
CTF-BT-NLRM-Final,01:39.540,Nightwolf`,2014-03-20,01:44.555,Nightwolf`,2024-03-15 19:49:43.004928
CTF-BT-NLRM_4,01:28.562,Nightwolf`,2022-04-25,01:29.631,Nightwolf`,2023-10-23 17:01:01.087739
CTF-BT-NMM,01:20.165,fierd_3,2013-06-02,01:40.829,Riddick,2026-03-06 21:55:09.034336
CTF-BT-Novice_nmc,49.265,Dylanbro,2012-11-26,49.549,Bunneh,2026-06-14 15:01:00.080930
CTF-BT-Nuts2k9,01:33.450,~DarK~JoJo~,2026-01-20,01:33.925,Melty13,2026-06-15 14:53:29.975663
CTF-BT-OIC-Ju-Warehouse_i4g,01:04.634,Nightwolf`,2014-01-21,01:04.657,Nightwolf`,2023-09-12 19:01:54.469524
CTF-BT-Old-Shipyard-v2,01:39.437,BlueBalls,2022-02-01,01:54.375,Fulcrum,2025-03-20 18:59:59.688372
CTF-BT-omwtoXmas,03:15.515,Dylanbro,2022-10-15,03:18.697,Alexxeh.pX7,2026-06-04 05:37:10.638953
CTF-BT-Opalline_Vez,01:09.308,Marmolak,2022-04-21,01:09.989,Nightwolf`,2025-11-09 10:30:41.769412
CTF-BT-Oracle,02:37.846,OwYeaW,2016-04-18,02:39.749,Arturek ;),2026-06-27 20:04:05.617122
CTF-BT-Ownage,01:25.646,}ElitE{Mike`,2012-11-09,01:36.203,Fulcrum,2025-02-24 21:09:21.007897
CTF-BT-PaldorsPlayhouse_dbl,03:36.176,}ElitE{Mike`,2012-11-08,04:54.050,Bunneh,2024-12-31 21:18:18.940256
CTF-BT-PergamonCE2,03:43.843,Nightwolf`,2013-05-21,03:44.424,Bunneh,2026-06-16 00:22:02.743601
CTF-BT-Phantom]I[-v2b,01:41.866,fierd_6,2017-02-10,01:46.659,Melty13,2024-01-19 18:33:41.948842
CTF-BT-Postmodern_dbl-v4,02:39.644,p-a-w-e-l,2021-08-31,02:57.645,Riddick,2026-02-10 19:54:55.061888
CTF-BT-Poverty-v2,05:02.626,Dylanbro,2018-01-08,05:06.782,Zla026 }2Key-Enjoyer{,2024-07-10 19:30:29.723408
CTF-BT-PressureZone,01:09.608,}ElitE{Bon,2021-11-08,01:10.746,Bunneh,2026-06-14 21:54:43.238251
CTF-BT-Purgatory,02:47.994,Nightwolf`,2022-04-23,03:33.227,huskywusky,2023-12-25 08:30:38.246691
CTF-BT-PushPush,02:58.921,}ElitE{Bon,2013-05-27,03:03.486,PatriK.pX3,2026-03-13 02:25:01.610788
CTF-BT-RandomizeD-v2,01:32.235,Nightwolf`,2014-12-06,01:32.950,Nightwolf`,2023-10-26 17:03:06.549633
CTF-BT-REDvsBLUE-(Level3),36.594,fierd_3,2012-01-06,37.179,Nightwolf`,2024-02-04 18:07:46.518121
CTF-BT-Reincarnation,02:01.015,Nightwolf`,2022-04-14,02:16.454,Arturek ;),2026-04-01 17:22:25.805174
CTF-BT-ResearchFacility-v2,01:22.512,}ElitE{Bon,2010-11-20,01:27.633,Nick[#TeamDylan],2024-01-21 05:13:25.543048
CTF-BT-Resistance,02:18.766,}ElitE{Bon,2019-09-07,02:26.051,Arturek ;),2025-04-09 18:14:45.375146
CTF-BT-Resurgence_v3b,03:21.212,BlueBalls,2022-02-07,03:24.234,Arturek ;),2025-04-10 17:03:03.677649
CTF-BT-REX-Ancient,01:11.434,fierd_1,2013-12-01,01:16.114,Bunneh,2025-04-20 20:37:04.635813
CTF-BT-Rickelly_RB,01:31.494,Dylanbro,2013-11-10,01:40.798,Dylanbroo,2023-06-19 17:26:13.130115
CTF-BT-Ricola-v2,02:13.105,|bc|chekz_=],2022-01-27,02:20.874,huskywusky,2025-07-23 22:21:05.056805
CTF-BT-RideTheMagicDonkey,46.757,fierd_1,2014-09-21,01:04.940,Mike',2024-07-21 16:53:17.520031
CTF-BT-RO-DecayedCollapse-v3,01:45.889,}ElitE{Bon,2022-01-14,01:49.394,Dylanbroo,2023-05-31 20:56:23.625692
CTF-BT-RocketBunny-FW-V-NoRX3,02:23.369,Dylanbro,2012-12-22,02:24.884,Dylanbroo,2023-12-27 18:48:51.385879
CTF-BT-Ross-H,24.275,}ElitE{HellFire`,2017-06-07,24.294,Nightwolf`,2024-11-19 17:19:37.509312
CTF-BT-Royalty-fix2,02:47.342,}ElitE{HellFire`,2021-09-22,02:52.120,Bunneh,2026-06-16 20:45:51.696832
CTF-BT-Salt-N-Pepper,01:05.248,fierd_6,2012-10-18,01:11.090,Melty13,2023-11-17 01:02:54.829354
CTF-BT-SandMummy_dbl,26.774,}ElitE{Bon,2016-11-12,27.852,Nightwolf`,2024-11-15 08:25:11.938733
CTF-BT-Schwimmeng,10.987,}ElitE{Bon,2022-10-31,10.990,Nightwolf`,2024-03-28 21:35:48.848174
CTF-BT-Short-Fun,26.131,}ElitE{Bon,2013-06-25,26.629,Nightwolf`,2024-11-25 10:13:29.919011
CTF-BT-Skaarj-Ship,01:44.137,Nightwolf`,2016-01-31,01:44.259,Nightwolf`,2023-11-05 15:51:25.550284
CTF-BT-Sky-Tower-v3,01:21.658,Dylanbro,2014-01-08,01:29.609,Arturek ;),2025-04-23 22:12:37.535159
CTF-BT-SlimeZone,57.943,}ElitE{Bon,2022-10-12,58.002,Bunneh,2026-06-18 02:56:12.839505
CTF-BT-Solaria-dbl,01:51.047,Dylanbro,2017-10-08,01:51.150,OwYeaW,2024-01-26 23:30:42.165321
CTF-BT-Sorcery-VF2,01:02.556,Nightwolf`,2022-04-28,01:02.639,Nightwolf`,2023-09-04 17:49:09.574054
CTF-BT-SoShit-dbl,22.014,}ElitE{HellFire`,2016-08-06,22.146,Melty13,2025-02-22 23:49:56.736943
CTF-BT-SourCeAndZeRoCoOl-v3,02:01.857,BlueBalls,2021-11-06,02:50.116,Arturek ;),2025-05-09 10:40:44.436076
CTF-BT-SourCeOfAncient,28.093,}ElitE{HellFire`,2022-09-26,28.320,Juli,2024-11-28 15:44:10.801318
CTF-BT-SourCeOfEgypt,01:34.525,}ElitE{Mike`,2022-09-23,01:37.913,Bunneh,2024-05-19 22:14:41.206520
CTF-BT-SourCeOfLaVa,01:12.268,Dylanbro,2018-04-19,01:13.021,Bunneh,2025-04-20 21:34:09.162116
CTF-BT-SpaceBunniesReloaded1on1_v2,01:45.039,BlueBalls,2022-02-19,01:53.302,Arturek ;),2024-12-06 13:56:55.692438
CTF-BT-SpaceGenerator-vF,47.898,Nightwolf`,2022-10-09,48.100,Nightwolf`,2023-08-10 11:56:05.760948
CTF-BT-SpaceJam,01:12.068,Dylanbro,2017-12-04,01:16.555,Dylanbroo,2024-02-06 20:13:07.844128
CTF-BT-SpaceTowers,01:55.143,}ElitE{Bon,2012-09-09,01:55.859,Dylanbroo,2025-07-24 22:30:17.604253
CTF-BT-SpatiumNavis,02:08.258,Dylanbro,2022-03-27,02:09.348,Dylanbroo,2023-12-17 18:31:15.833938
CTF-BT-SpeedRun3v2,01:45.583,}ElitE{Bon,2019-11-25,01:47.377,Bunneh,2023-07-15 11:32:52.584608
CTF-BT-Spew_i4g,48.115,Addic7ed,2018-03-21,54.991,Nightwolf`,2024-12-28 11:28:30.141531
CTF-BT-SuckFest-Easy&Crappy,37.017,}ElitE{HellFire`,2021-08-24,37.148,Bunneh,2025-05-09 20:51:47.283464
CTF-BT-SuckMe-v2,26.814,Nightwolf`,2017-06-13,27.252,Nightwolf`,2023-05-29 13:03:03.549248
CTF-BT-SweetInsanity,49.444,Nightwolf`,2022-03-09,49.721,Nightwolf`,2023-08-10 19:37:19.563649
CTF-BT-Tabac_i4g,01:16.315,BlueBalls,2021-11-06,01:19.014,Nightwolf`,2024-03-31 21:39:12.966597
CTF-BT-TechnicalChallenges-v3,08:11.466,Dylanbro,2014-11-06,08:35.382,Arturek ;),2024-09-26 17:36:49.702273
CTF-BT-TehEvulMansion,01:14.251,}ElitE{Mike`,2012-01-09,01:15.127,~DarK~JoJo~,2026-05-29 02:01:21.700035
CTF-BT-Temple_dbl,02:10.842,Nightwolf`,2013-06-01,02:26.366,Arturek ;),2025-11-15 13:39:42.446328
CTF-BT-Temple_Of_DSI_vf,50.502,Nightwolf`,2021-08-26,53.723,Nightwolf`,2023-08-11 14:28:11.868924
CTF-BT-TheConquest_dbl,02:23.609,Nightwolf`,2022-03-20,02:24.395,Nightwolf`,2024-02-25 16:23:07.359005
CTF-BT-TheFifthLevel-][_flg,02:07.290,}ElitE{Mike`,2013-05-07,02:24.238,Riddick,2026-03-17 15:10:45.971922
CTF-BT-TK-v1b,42.890,}ElitE{Bon,2018-01-06,44.094,Juli,2025-01-10 04:24:30.403028
CTF-BT-ToEasy_i4g,55.092,}ElitE{HellFire`,2018-03-10,55.359,Nightwolf`,2024-12-28 12:49:55.198468
CTF-BT-TombRaider-v1b,01:46.151,fierd_3,2013-04-20,01:56.663,Xclusive,2025-08-14 14:47:58.731311
CTF-BT-TOOEASY]I[,43.929,Dylanbro,2012-11-23,44.830,Nightwolf`,2024-03-22 00:11:24.628600
CTF-BT-Torture][,03:04.933,Dylanbro,2021-09-04,03:21.224,Dylanbroo,2023-12-16 23:19:48.865962
CTF-BT-Toxic-Tube-v2,01:13.302,}ElitE{Mike`,2017-12-27,01:14.063,PuTZe,2026-01-26 17:37:08.273475
CTF-BT-Toxic-Warehouse,37.380,Nightwolf`,2022-12-31,39.551,Nightwolf`,2023-08-04 18:00:37.824379
CTF-BT-Toxination-dbl,40.518,BlueBalls,2021-12-29,41.731,Nightwolf`,2023-10-30 21:27:05.870837
CTF-BT-Translocate-vf,33.327,Vimper0,2019-06-23,33.354,Nightwolf`,2025-01-01 09:53:35.890239
CTF-BT-TrapTemple_fixed,01:35.213,p-a-w-e-l,2021-08-22,01:44.086,PatriK.pX3,2026-05-28 22:22:22.247165
CTF-BT-Treasures,30.959,BlueBalls,2022-09-15,31.016,Nightwolf`,2024-12-02 18:22:40.926338
CTF-BT-TroitskyCB,02:37.360,OwYeaW,2016-05-04,02:39.625,Melty13,2024-11-27 02:25:30.665325
CTF-BT-Underground_nmc,52.800,Dylanbro,2013-11-11,53.808,Nightwolf`,2025-09-13 19:33:44.503938
CTF-BT-Unizzy_w00t_vF,36.971,}ElitE{HellFire`,2022-10-03,37.472,Nightwolf`,2024-02-11 16:24:40.534100
CTF-BT-Unoriginal-v3,51.618,}ElitE{Mike`,2012-11-07,52.022,Nightwolf`,2024-12-26 20:28:41.826271
CTF-BT-UnrealLegend,12.442,*WeeDy*,2021-07-13,12.843,dEviL^-,2024-06-28 12:33:53.293167
CTF-BT-UTube-[z1](MD)-dbl,01:07.499,Nightwolf`,2017-07-09,01:08.962,Bunneh,2026-02-15 14:01:30.703521
CTF-BT-V0rtex-vF2,19.687,Nightwolf`,2021-12-11,19.784,Nightwolf`,2023-05-24 13:36:21.174902
CTF-BT-VeryUpsetQueen-v2,29.258,BlueBalls,2022-01-20,29.349,Nightwolf`,2025-11-22 12:38:07.258657
CTF-BT-WalkJump-v2,01:54.450,fierd_1,2013-09-20,01:59.467,Bunneh,2026-06-13 19:23:19.315814
CTF-BT-Waterway-fix,01:06.084,OwYeaW,2021-08-14,01:06.218,Nightwolf`,2024-02-15 18:47:10.787988
CTF-BT-WhitERansoM_i4g,31.317,~DarK~JoJo~,2026-03-05,31.850,Nightwolf`,2023-06-03 18:03:40.764276
CTF-BT-Wicked_vF,01:08.614,OwYeaW,2016-07-25,01:11.292,Melty13,2024-01-09 15:36:27.737577
CTF-BT-Windy-Base_v2,30.185,Nightwolf`,2012-10-27,30.266,Nightwolf`,2025-08-31 15:13:42.748244
CTF-BT-Wipeout!-v2,52.228,fierd_6,2017-05-08,52.487,Melty13,2023-11-15 00:02:49.932384
CTF-BT-Wormhole-dbl,01:20.229,c21-h30-o2,2015-04-13,01:20.391,ASG.noaction,2026-03-21 12:09:53.998764
CTF-BT-Xmas2011&NewYear2012,43.738,~DarK~JoJo~,2026-03-10,44.677,Nightwolf`,2023-12-31 22:45:49.746339
CTF-BT-XreanComplex-dbl,01:11.488,Nightwolf`,2017-12-18,01:11.683,Bunneh,2025-05-18 14:33:10.924743
CTF-BT-Xtremewoot][(ALPHA)-dbl,01:16.555,~DarK~JoJo~,2026-03-10,01:21.925,Bunneh,2025-04-06 22:18:10.547004
CTF-BT-Yoona,01:34.713,~DarK~JoJo~,2025-06-14,01:35.312,{xBTp}goku`,2025-01-24 15:14:06.366287
CTF-BT-z3u5-]I[-EZ-v04,01:30.696,fierd_1,2014-01-04,01:37.924,Arturek ;),2026-02-17 15:49:41.107315
CTF-BT-ZapYoAssVF2,01:25.775,Dylanbro,2013-03-26,01:28.018,Bunneh,2025-04-18 19:27:16.575213
CTF-BT-ZigZag_i4g,04:12.298,}ElitE{Bon,2016-11-26,04:12.489,Xclusive,2025-05-07 18:32:59.488198
